<?xml version="1.0" encoding="UTF-8"?>
<project-private xmlns="http://www.netbeans.org/ns/project-private/1">
    <editor-bookmarks xmlns="http://www.netbeans.org/ns/editor-bookmarks/2" lastBookmarkId="0"/>
    <open-files xmlns="http://www.netbeans.org/ns/projectui-open-files/2">
        <group>
            <file>file:/C:/Users/AlShaimaa/Desktop/Maze/src/main/MazeGridPanel.java</file>
            <file>file:/C:/Users/AlShaimaa/Desktop/Maze/src/main/Maze.java</file>
            <file>file:/C:/Users/AlShaimaa/Desktop/Maze/src/solver/BFSSolve.java</file>
            <file>file:/C:/Users/AlShaimaa/Desktop/Maze/src/solver/DijkstraSolve.java</file>
            <file>file:/C:/Users/AlShaimaa/Desktop/Maze/src/solver/DFSSolve.java</file>
            <file>file:/C:/Users/AlShaimaa/Desktop/Maze/src/solver/BiDFSSolve.java</file>
            <file>file:/C:/Users/AlShaimaa/Desktop/Maze/src/generator/BinaryTreeGen.java</file>
        </group>
    </open-files>
</project-private>
